target_ticker	target_network	target_address	live_coin	memo_required	rate_status	rate_source_ticker	rate_source_network	rate_amount	provider	fixed	rate_trade_id	trade_status	trade_id	error
AA	ARBITRUM	0x9858effd232b4033e47d90003d41ec34ecaeda94	no		missing_from_live_coins									
coreum	XRP	rHS2TNSLUyZmGqKxiwQfn7uUH8hZ642pJg	no		missing_from_live_coins									
FERC	ETH	0x9858effd232b4033e47d90003d41ec34ecaeda94	no		missing_from_live_coins									
mph	ERC20	0x9858effd232b4033e47d90003d41ec34ecaeda94	no		missing_from_live_coins									
labs	BEP20	0x9858effd232b4033e47d90003d41ec34ecaeda94	no		missing_from_live_coins									
aeg	MATIC	0x9858effd232b4033e47d90003d41ec34ecaeda94	no		missing_from_live_coins									
combo	ERC20	0x9858effd232b4033e47d90003d41ec34ecaeda94	no		missing_from_live_coins									
eqx	ERC20	0x9858effd232b4033e47d90003d41ec34ecaeda94	no		missing_from_live_coins									
alita	BEP20	0x9858effd232b4033e47d90003d41ec34ecaeda94	no		missing_from_live_coins									
aptr	ARBITRUM	0x9858effd232b4033e47d90003d41ec34ecaeda94	no		missing_from_live_coins									
xar	ERC20	0x9858effd232b4033e47d90003d41ec34ecaeda94	no		missing_from_live_coins									
astros	MATIC	0x9858effd232b4033e47d90003d41ec34ecaeda94	no		missing_from_live_coins									
atem	BEP20	0x9858effd232b4033e47d90003d41ec34ecaeda94	no		missing_from_live_coins									
urus	BEP20	0x9858effd232b4033e47d90003d41ec34ecaeda94	no		missing_from_live_coins									
axel	MAINNET	axelar17pd0kc6r2lfruutg7lqnna5q2n2jags9ndmvzs	no		missing_from_live_coins									
BROCCOLIF3B	BEP20	0x9858effd232b4033e47d90003d41ec34ecaeda94	no		missing_from_live_coins									
BEER	SOL	E3y5f9eKrQ2WPm9kH99H63mqLQnBMFmqR3QneJ29PnUb	no		missing_from_live_coins									
ben	ERC20	0x9858effd232b4033e47d90003d41ec34ecaeda94	no		missing_from_live_coins									
polx	MATIC	0x9858effd232b4033e47d90003d41ec34ecaeda94	no		missing_from_live_coins									
mblk	ERC20	0x9858effd232b4033e47d90003d41ec34ecaeda94	no		missing_from_live_coins									
smile	ERC20	0x9858effd232b4033e47d90003d41ec34ecaeda94	no		missing_from_live_coins									
flz	ERC20	0x9858effd232b4033e47d90003d41ec34ecaeda94	no		missing_from_live_coins									
bvt	BEP20	0x9858effd232b4033e47d90003d41ec34ecaeda94	no		missing_from_live_coins									
bonus	BASE	0x9858effd232b4033e47d90003d41ec34ecaeda94	no		missing_from_live_coins									
bun	BEP20	0x9858effd232b4033e47d90003d41ec34ecaeda94	no		missing_from_live_coins									
tsugt	MATIC	0x9858effd232b4033e47d90003d41ec34ecaeda94	no		missing_from_live_coins									
CHIPPY	SOL	E3y5f9eKrQ2WPm9kH99H63mqLQnBMFmqR3QneJ29PnUb	no		missing_from_live_coins									
combo	BEP20	0x9858effd232b4033e47d90003d41ec34ecaeda94	no		missing_from_live_coins									
oik	ERC20	0x9858effd232b4033e47d90003d41ec34ecaeda94	no		missing_from_live_coins									
coreum	MAINNET	core108dlz2a6fgc2gzmsl03ct6ktmjf9hdq34dtgs5	no		missing_from_live_coins									
cec	BEP20	0x9858effd232b4033e47d90003d41ec34ecaeda94	no		missing_from_live_coins									
cros	MATIC	0x9858effd232b4033e47d90003d41ec34ecaeda94	no		missing_from_live_coins									
DOAI	SOL	E3y5f9eKrQ2WPm9kH99H63mqLQnBMFmqR3QneJ29PnUb	no		missing_from_live_coins									
cstar	BEP20	0x9858effd232b4033e47d90003d41ec34ecaeda94	no		missing_from_live_coins									
deusd	ERC20	0x9858effd232b4033e47d90003d41ec34ecaeda94	no		missing_from_live_coins									
digimon	SOL	E3y5f9eKrQ2WPm9kH99H63mqLQnBMFmqR3QneJ29PnUb	no		missing_from_live_coins									
fmc	TRC20	TU8kwtd2r2ojuyHUYbxu8Vcj9ia2KNzN8f	no		missing_from_live_coins									
GOME	SOL	E3y5f9eKrQ2WPm9kH99H63mqLQnBMFmqR3QneJ29PnUb	no		missing_from_live_coins									
klee	ERC20	0x9858effd232b4033e47d90003d41ec34ecaeda94	no		missing_from_live_coins									
memetoon	BEP20	0x9858effd232b4033e47d90003d41ec34ecaeda94	no		missing_from_live_coins									
nvg	ERC20	0x9858effd232b4033e47d90003d41ec34ecaeda94	no		missing_from_live_coins									
EQX	ETH	0x9858effd232b4033e47d90003d41ec34ecaeda94	no		missing_from_live_coins									
micro	ERC20	0x9858effd232b4033e47d90003d41ec34ecaeda94	no		missing_from_live_coins									
free	BEP20	0x9858effd232b4033e47d90003d41ec34ecaeda94	no		missing_from_live_coins									
rainbow	BEP20	0x9858effd232b4033e47d90003d41ec34ecaeda94	no		missing_from_live_coins									
stnd	ERC20	0x9858effd232b4033e47d90003d41ec34ecaeda94	no		missing_from_live_coins									
ngc	ERC20	0x9858effd232b4033e47d90003d41ec34ecaeda94	no		missing_from_live_coins									
ofn	BEP20	0x9858effd232b4033e47d90003d41ec34ecaeda94	no		missing_from_live_coins									
OFN	BSC	0x9858effd232b4033e47d90003d41ec34ecaeda94	no		missing_from_live_coins									
zbc	SOL	E3y5f9eKrQ2WPm9kH99H63mqLQnBMFmqR3QneJ29PnUb	no		missing_from_live_coins									
neat	NEAR	c1ea807a357b5c8c121bf405c80384f48a628547328fafe0b794c47e6405ece4	no		missing_from_live_coins									
LPOOL	ARBITRUM	0x9858effd232b4033e47d90003d41ec34ecaeda94	no		missing_from_live_coins									
memeai	ERC20	0x9858effd232b4033e47d90003d41ec34ecaeda94	no		missing_from_live_coins									
cros	ERC20	0x9858effd232b4033e47d90003d41ec34ecaeda94	no		missing_from_live_coins									
memhash	TON	EQCTMdAX6yaZ-sVPKzvLrHO_FvdZGAb_ZVcFaepdnjOIhggR	no		missing_from_live_coins									
vela	Arbitrum	0x9858effd232b4033e47d90003d41ec34ecaeda94	no		missing_from_live_coins									
tenet	MAINNET	0x9858effd232b4033e47d90003d41ec34ecaeda94	no		missing_from_live_coins									
mirai	SOL	E3y5f9eKrQ2WPm9kH99H63mqLQnBMFmqR3QneJ29PnUb	no		missing_from_live_coins									
redx	TON	EQCTMdAX6yaZ-sVPKzvLrHO_FvdZGAb_ZVcFaepdnjOIhggR	no		missing_from_live_coins									
urus	ERC20	0x9858effd232b4033e47d90003d41ec34ecaeda94	no		missing_from_live_coins									
snc	ERC20	0x9858effd232b4033e47d90003d41ec34ecaeda94	no		missing_from_live_coins									
NGC	ETH	0x9858effd232b4033e47d90003d41ec34ecaeda94	no		missing_from_live_coins									
SLN	ETH	0x9858effd232b4033e47d90003d41ec34ecaeda94	no		missing_from_live_coins									
NAO	ETH	0x9858effd232b4033e47d90003d41ec34ecaeda94	no		missing_from_live_coins									
sln	ERC20	0x9858effd232b4033e47d90003d41ec34ecaeda94	no		missing_from_live_coins									
SORA	ETH	0x9858effd232b4033e47d90003d41ec34ecaeda94	no		missing_from_live_coins									
solve	ERC20	0x9858effd232b4033e47d90003d41ec34ecaeda94	no		missing_from_live_coins									
SYNT	ETH	0x9858effd232b4033e47d90003d41ec34ecaeda94	no		missing_from_live_coins									
tama	ERC20	0x9858effd232b4033e47d90003d41ec34ecaeda94	no		missing_from_live_coins									
sunwukong	TRC20	TU8kwtd2r2ojuyHUYbxu8Vcj9ia2KNzN8f	no		missing_from_live_coins									
saitama	ERC20	0x9858effd232b4033e47d90003d41ec34ecaeda94	no		missing_from_live_coins									
moz	ARBITRUM	0x9858effd232b4033e47d90003d41ec34ecaeda94	no		missing_from_live_coins									
rwa	BEP20	0x9858effd232b4033e47d90003d41ec34ecaeda94	no		missing_from_live_coins									
roost	BASE	0x9858effd232b4033e47d90003d41ec34ecaeda94	no		missing_from_live_coins									
prx	BEP20	0x9858effd232b4033e47d90003d41ec34ecaeda94	no		missing_from_live_coins									
lsd	APTOS	0xa4c3845b1f1031ee99adde7991ff9980079edafea0b5b993b2dcf33f7cf50572	no		missing_from_live_coins									
pmg	BEP20	0x9858effd232b4033e47d90003d41ec34ecaeda94	no		missing_from_live_coins									
nwc	ERC20	0x9858effd232b4033e47d90003d41ec34ecaeda94	no		missing_from_live_coins									
NWC	XLM	GDA6VAD2GV5VZDASDP2ALSADQT2IUYUFI4ZI7L7AW6KMI7TEAXWOITAL	no		missing_from_live_coins									
plx	ERC20	0x9858effd232b4033e47d90003d41ec34ecaeda94	no		missing_from_live_coins									
uuu	ERC20	0x9858effd232b4033e47d90003d41ec34ecaeda94	no		missing_from_live_coins									
naym	BASE	0x9858effd232b4033e47d90003d41ec34ecaeda94	no		missing_from_live_coins									
lead	ERC20	0x9858effd232b4033e47d90003d41ec34ecaeda94	no		missing_from_live_coins									
MAX	ETH	0x9858effd232b4033e47d90003d41ec34ecaeda94	no		missing_from_live_coins									
indy	ADA	addr1v9dd3gtv6je555fpdjwma8f98qqy492lky2n08c7ftslyeg89jvu8	no		missing_from_live_coins									
hlg	ERC20	0x9858effd232b4033e47d90003d41ec34ecaeda94	no		missing_from_live_coins									
GINNAN	SOL	E3y5f9eKrQ2WPm9kH99H63mqLQnBMFmqR3QneJ29PnUb	no		missing_from_live_coins									
eths	ERC20	0x9858effd232b4033e47d90003d41ec34ecaeda94	no		missing_from_live_coins									
vps	ERC20	0x9858effd232b4033e47d90003d41ec34ecaeda94	no		missing_from_live_coins									
